age_and_district,both_sexes,district,gender,population
0-4,44330,Nyarugenge,female,22084
0-4,44330,Nyarugenge,male,-22246
5-9,39504,Nyarugenge,female,19707
5-9,39504,Nyarugenge,male,-19797
10-14,32853,Nyarugenge,female,16615
10-14,32853,Nyarugenge,male,-16238
15-19,37586,Nyarugenge,female,19912
15-19,37586,Nyarugenge,male,-17674
20-24,43502,Nyarugenge,female,21012
20-24,43502,Nyarugenge,male,-22490
25-29,42823,Nyarugenge,female,19331
25-29,42823,Nyarugenge,male,-23492
30-34,38268,Nyarugenge,female,16927
30-34,38268,Nyarugenge,male,-21341
35-39,30295,Nyarugenge,female,13066
35-39,30295,Nyarugenge,male,-17229
40-44,23606,Nyarugenge,female,9844
40-44,23606,Nyarugenge,male,-13762
45-49,13501,Nyarugenge,female,6085
45-49,13501,Nyarugenge,male,-7416
50-54,9419,Nyarugenge,female,4357
50-54,9419,Nyarugenge,male,-5062
55-59,6119,Nyarugenge,female,2869
55-59,6119,Nyarugenge,male,-3250
60-64,4893,Nyarugenge,female,2383
60-64,4893,Nyarugenge,male,-2510
65-69,3105,Nyarugenge,female,1622
65-69,3105,Nyarugenge,male,-1483
70-74,2046,Nyarugenge,female,1140
70-74,2046,Nyarugenge,male,-906
75-79,1035,Nyarugenge,female,611
75-79,1035,Nyarugenge,male,-424
80-84,739,Nyarugenge,female,497
80-84,739,Nyarugenge,male,-242
85+,695,Nyarugenge,female,477
85+,695,Nyarugenge,male,-218
0-4,116376,Gasabo,female,57764
0-4,116376,Gasabo,male,-58612
5-9,100058,Gasabo,female,49694
5-9,100058,Gasabo,male,-50364
10-14,80965,Gasabo,female,40936
10-14,80965,Gasabo,male,-40029
15-19,85508,Gasabo,female,46495
15-19,85508,Gasabo,male,-39013
20-24,93980,Gasabo,female,48799
20-24,93980,Gasabo,male,-45181
25-29,97219,Gasabo,female,47936
25-29,97219,Gasabo,male,-49283
30-34,92238,Gasabo,female,43782
30-34,92238,Gasabo,male,-48456
35-39,69963,Gasabo,female,31486
35-39,69963,Gasabo,male,-38477
40-44,51596,Gasabo,female,22396
40-44,51596,Gasabo,male,-29200
45-49,29242,Gasabo,female,13776
45-49,29242,Gasabo,male,-15466
50-54,20532,Gasabo,female,9758
50-54,20532,Gasabo,male,-10774
55-59,13881,Gasabo,female,6748
55-59,13881,Gasabo,male,-7133
60-64,10790,Gasabo,female,5556
60-64,10790,Gasabo,male,-5234
65-69,6727,Gasabo,female,3698
65-69,6727,Gasabo,male,-3029
70-74,4400,Gasabo,female,2612
70-74,4400,Gasabo,male,-1788
75-79,2361,Gasabo,female,1548
75-79,2361,Gasabo,male,-813
80-84,1781,Gasabo,female,1227
80-84,1781,Gasabo,male,-554
85+,1888,Gasabo,female,1307
85+,1888,Gasabo,male,-581
0-4,58359,Kicukiro,female,29066
0-4,58359,Kicukiro,male,-29293
5-9,49856,Kicukiro,female,24556
5-9,49856,Kicukiro,male,-25300
10-14,40587,Kicukiro,female,20577
10-14,40587,Kicukiro,male,-20010
15-19,49712,Kicukiro,female,27545
15-19,49712,Kicukiro,male,-22167
20-24,62585,Kicukiro,female,32221
20-24,62585,Kicukiro,male,-30364
25-29,59412,Kicukiro,female,28961
25-29,59412,Kicukiro,male,-30451
30-34,51199,Kicukiro,female,23869
30-34,51199,Kicukiro,male,-27330
35-39,38539,Kicukiro,female,17394
35-39,38539,Kicukiro,male,-21145
40-44,29397,Kicukiro,female,13189
40-44,29397,Kicukiro,male,-16208
45-49,17816,Kicukiro,female,8097
45-49,17816,Kicukiro,male,-9719
50-54,12224,Kicukiro,female,5462
50-54,12224,Kicukiro,male,-6762
55-59,7727,Kicukiro,female,3607
55-59,7727,Kicukiro,male,-4120
60-64,5616,Kicukiro,female,2807
60-64,5616,Kicukiro,male,-2809
65-69,3323,Kicukiro,female,1765
65-69,3323,Kicukiro,male,-1558
70-74,2040,Kicukiro,female,1194
70-74,2040,Kicukiro,male,-846
75-79,1262,Kicukiro,female,838
75-79,1262,Kicukiro,male,-424
80-84,1002,Kicukiro,female,691
80-84,1002,Kicukiro,male,-311
85+,1075,Kicukiro,female,777
85+,1075,Kicukiro,male,-298
0-4,44977,Nyanza,female,22364
0-4,44977,Nyanza,male,-22613
5-9,46714,Nyanza,female,23374
5-9,46714,Nyanza,male,-23340
10-14,46340,Nyanza,female,22881
10-14,46340,Nyanza,male,-23459
15-19,42437,Nyanza,female,20352
15-19,42437,Nyanza,male,-22085
20-24,27072,Nyanza,female,13729
20-24,27072,Nyanza,male,-13343
25-29,22033,Nyanza,female,11411
25-29,22033,Nyanza,male,-10622
30-34,22543,Nyanza,female,11658
30-34,22543,Nyanza,male,-10885
35-39,23496,Nyanza,female,12373
35-39,23496,Nyanza,male,-11123
40-44,21008,Nyanza,female,10808
40-44,21008,Nyanza,male,-10200
45-49,14396,Nyanza,female,7898
45-49,14396,Nyanza,male,-6498
50-54,13178,Nyanza,female,7033
50-54,13178,Nyanza,male,-6145
55-59,11411,Nyanza,female,6103
55-59,11411,Nyanza,male,-5308
60-64,11244,Nyanza,female,6003
60-64,11244,Nyanza,male,-5241
65-69,7298,Nyanza,female,4002
65-69,7298,Nyanza,male,-3296
70-74,4987,Nyanza,female,2827
70-74,4987,Nyanza,male,-2160
75-79,2726,Nyanza,female,1754
75-79,2726,Nyanza,male,-972
80-84,2110,Nyanza,female,1397
80-84,2110,Nyanza,male,-713
85+,1748,Nyanza,female,1106
85+,1748,Nyanza,male,-642
0-4,54593,Gisagara,female,27328
0-4,54593,Gisagara,male,-27265
5-9,51554,Gisagara,female,25623
5-9,51554,Gisagara,male,-25931
10-14,52294,Gisagara,female,25734
10-14,52294,Gisagara,male,-26560
15-19,45335,Gisagara,female,21904
15-19,45335,Gisagara,male,-23431
20-24,30363,Gisagara,female,15508
20-24,30363,Gisagara,male,-14855
25-29,25907,Gisagara,female,13527
25-29,25907,Gisagara,male,-12380
30-34,22806,Gisagara,female,12031
30-34,22806,Gisagara,male,-10775
35-39,24086,Gisagara,female,12991
35-39,24086,Gisagara,male,-11095
40-44,22040,Gisagara,female,12042
40-44,22040,Gisagara,male,-9998
45-49,13882,Gisagara,female,8180
45-49,13882,Gisagara,male,-5702
50-54,12622,Gisagara,female,7448
50-54,12622,Gisagara,male,-5174
55-59,11499,Gisagara,female,6794
55-59,11499,Gisagara,male,-4705
60-64,11104,Gisagara,female,6753
60-64,11104,Gisagara,male,-4351
65-69,7971,Gisagara,female,4993
65-69,7971,Gisagara,male,-2978
70-74,5768,Gisagara,female,3703
70-74,5768,Gisagara,male,-2065
75-79,2317,Gisagara,female,1544
75-79,2317,Gisagara,male,-773
80-84,1582,Gisagara,female,1079
80-84,1582,Gisagara,male,-503
85+,1328,Gisagara,female,904
85+,1328,Gisagara,male,-424
0-4,42258,Nyaruguru,female,21102
0-4,42258,Nyaruguru,male,-21156
5-9,42777,Nyaruguru,female,21726
5-9,42777,Nyaruguru,male,-21051
10-14,40804,Nyaruguru,female,20464
10-14,40804,Nyaruguru,male,-20340
15-19,39429,Nyaruguru,female,18914
15-19,39429,Nyaruguru,male,-20515
20-24,24966,Nyaruguru,female,12709
20-24,24966,Nyaruguru,male,-12257
25-29,20445,Nyaruguru,female,10618
25-29,20445,Nyaruguru,male,-9827
30-34,17852,Nyaruguru,female,9400
30-34,17852,Nyaruguru,male,-8452
35-39,17800,Nyaruguru,female,9683
35-39,17800,Nyaruguru,male,-8117
40-44,15942,Nyaruguru,female,8798
40-44,15942,Nyaruguru,male,-7144
45-49,11195,Nyaruguru,female,6609
45-49,11195,Nyaruguru,male,-4586
50-54,10275,Nyaruguru,female,5927
50-54,10275,Nyaruguru,male,-4348
55-59,8266,Nyaruguru,female,4731
55-59,8266,Nyaruguru,male,-3535
60-64,9017,Nyaruguru,female,5153
60-64,9017,Nyaruguru,male,-3864
65-69,6376,Nyaruguru,female,3698
65-69,6376,Nyaruguru,male,-2678
70-74,4855,Nyaruguru,female,2878
70-74,4855,Nyaruguru,male,-1977
75-79,2324,Nyaruguru,female,1508
75-79,2324,Nyaruguru,male,-816
80-84,1828,Nyaruguru,female,1108
80-84,1828,Nyaruguru,male,-720
85+,1717,Nyaruguru,female,1120
85+,1717,Nyaruguru,male,-597
0-4,46777,Huye,female,23257
0-4,46777,Huye,male,-23520
5-9,46328,Huye,female,23119
5-9,46328,Huye,male,-23209
10-14,44260,Huye,female,22158
10-14,44260,Huye,male,-22102
15-19,40685,Huye,female,19751
15-19,40685,Huye,male,-20934
20-24,29902,Huye,female,14621
20-24,29902,Huye,male,-15281
25-29,26618,Huye,female,12901
25-29,26618,Huye,male,-13717
30-34,25264,Huye,female,12449
30-34,25264,Huye,male,-12815
35-39,25934,Huye,female,12938
35-39,25934,Huye,male,-12996
40-44,23127,Huye,female,11489
40-44,23127,Huye,male,-11638
45-49,14971,Huye,female,7981
45-49,14971,Huye,male,-6990
50-54,13587,Huye,female,7304
50-54,13587,Huye,male,-6283
55-59,11869,Huye,female,6426
55-59,11869,Huye,male,-5443
60-64,11365,Huye,female,6106
60-64,11365,Huye,male,-5259
65-69,8676,Huye,female,4870
65-69,8676,Huye,male,-3806
70-74,6336,Huye,female,3697
70-74,6336,Huye,male,-2639
75-79,2694,Huye,female,1672
75-79,2694,Huye,male,-1022
80-84,1894,Huye,female,1219
80-84,1894,Huye,male,-675
85+,1613,Huye,female,1083
85+,1613,Huye,male,-530
0-4,43997,Nyamagabe,female,22060
0-4,43997,Nyamagabe,male,-21937
5-9,44083,Nyamagabe,female,21984
5-9,44083,Nyamagabe,male,-22099
10-14,45458,Nyamagabe,female,22956
10-14,45458,Nyamagabe,male,-22502
15-19,45496,Nyamagabe,female,22118
15-19,45496,Nyamagabe,male,-23378
20-24,32595,Nyamagabe,female,16642
20-24,32595,Nyamagabe,male,-15953
25-29,25877,Nyamagabe,female,13567
25-29,25877,Nyamagabe,male,-12310
30-34,22561,Nyamagabe,female,12141
30-34,22561,Nyamagabe,male,-10420
35-39,23596,Nyamagabe,female,12896
35-39,23596,Nyamagabe,male,-10700
40-44,18950,Nyamagabe,female,10502
40-44,18950,Nyamagabe,male,-8448
45-49,13771,Nyamagabe,female,7950
45-49,13771,Nyamagabe,male,-5821
50-54,12933,Nyamagabe,female,7285
50-54,12933,Nyamagabe,male,-5648
55-59,10879,Nyamagabe,female,6109
55-59,10879,Nyamagabe,male,-4770
60-64,11603,Nyamagabe,female,6638
60-64,11603,Nyamagabe,male,-4965
65-69,7643,Nyamagabe,female,4404
65-69,7643,Nyamagabe,male,-3239
70-74,5441,Nyamagabe,female,3255
70-74,5441,Nyamagabe,male,-2186
75-79,2615,Nyamagabe,female,1684
75-79,2615,Nyamagabe,male,-931
80-84,2066,Nyamagabe,female,1323
80-84,2066,Nyamagabe,male,-743
85+,1937,Nyamagabe,female,1262
85+,1937,Nyamagabe,male,-675
0-4,43600,Ruhango,female,21534
0-4,43600,Ruhango,male,-22066
5-9,44711,Ruhango,female,22189
5-9,44711,Ruhango,male,-22522
10-14,44427,Ruhango,female,21912
10-14,44427,Ruhango,male,-22515
15-19,41328,Ruhango,female,19973
15-19,41328,Ruhango,male,-21355
20-24,26556,Ruhango,female,13654
20-24,26556,Ruhango,male,-12902
25-29,21819,Ruhango,female,11655
25-29,21819,Ruhango,male,-10164
30-34,22452,Ruhango,female,11920
30-34,22452,Ruhango,male,-10532
35-39,23357,Ruhango,female,12127
35-39,23357,Ruhango,male,-11230
40-44,21270,Ruhango,female,11285
40-44,21270,Ruhango,male,-9985
45-49,14613,Ruhango,female,8435
45-49,14613,Ruhango,male,-6178
50-54,13185,Ruhango,female,7493
50-54,13185,Ruhango,male,-5692
55-59,11567,Ruhango,female,6518
55-59,11567,Ruhango,male,-5049
60-64,11346,Ruhango,female,6448
60-64,11346,Ruhango,male,-4898
65-69,7232,Ruhango,female,4303
65-69,7232,Ruhango,male,-2929
70-74,4876,Ruhango,female,3061
70-74,4876,Ruhango,male,-1815
75-79,2793,Ruhango,female,1847
75-79,2793,Ruhango,male,-946
80-84,2190,Ruhango,female,1482
80-84,2190,Ruhango,male,-708
85+,1799,Ruhango,female,1189
85+,1799,Ruhango,male,-610
0-4,41981,Muhanga,female,21076
0-4,41981,Muhanga,male,-20905
5-9,41738,Muhanga,female,20770
5-9,41738,Muhanga,male,-20968
10-14,39459,Muhanga,female,19559
10-14,39459,Muhanga,male,-19900
15-19,39148,Muhanga,female,19569
15-19,39148,Muhanga,male,-19579
20-24,29771,Muhanga,female,15248
20-24,29771,Muhanga,male,-14523
25-29,25082,Muhanga,female,12611
25-29,25082,Muhanga,male,-12471
30-34,24082,Muhanga,female,12242
30-34,24082,Muhanga,male,-11840
35-39,25165,Muhanga,female,12895
35-39,25165,Muhanga,male,-12270
40-44,22208,Muhanga,female,11684
40-44,22208,Muhanga,male,-10524
45-49,15420,Muhanga,female,8522
45-49,15420,Muhanga,male,-6898
50-54,12998,Muhanga,female,7139
50-54,12998,Muhanga,male,-5859
55-59,11078,Muhanga,female,6091
55-59,11078,Muhanga,male,-4987
60-64,10834,Muhanga,female,5904
60-64,10834,Muhanga,male,-4930
65-69,7808,Muhanga,female,4253
65-69,7808,Muhanga,male,-3555
70-74,5052,Muhanga,female,2948
70-74,5052,Muhanga,male,-2104
75-79,2527,Muhanga,female,1588
75-79,2527,Muhanga,male,-939
80-84,2098,Muhanga,female,1412
80-84,2098,Muhanga,male,-686
85+,1984,Muhanga,female,1307
85+,1984,Muhanga,male,-677
0-4,56067,Kamonyi,female,27972
0-4,56067,Kamonyi,male,-28095
5-9,56200,Kamonyi,female,28082
5-9,56200,Kamonyi,male,-28118
10-14,52605,Kamonyi,female,26088
10-14,52605,Kamonyi,male,-26517
15-19,50041,Kamonyi,female,24943
15-19,50041,Kamonyi,male,-25098
20-24,35461,Kamonyi,female,18333
20-24,35461,Kamonyi,male,-17128
25-29,30563,Kamonyi,female,16189
25-29,30563,Kamonyi,male,-14374
30-34,29738,Kamonyi,female,15471
30-34,29738,Kamonyi,male,-14267
35-39,30987,Kamonyi,female,15600
35-39,30987,Kamonyi,male,-15387
40-44,28240,Kamonyi,female,14350
40-44,28240,Kamonyi,male,-13890
45-49,18679,Kamonyi,female,10234
45-49,18679,Kamonyi,male,-8445
50-54,16080,Kamonyi,female,8953
50-54,16080,Kamonyi,male,-7127
55-59,13266,Kamonyi,female,7495
55-59,13266,Kamonyi,male,-5771
60-64,12255,Kamonyi,female,6848
60-64,12255,Kamonyi,male,-5407
65-69,8112,Kamonyi,female,4666
65-69,8112,Kamonyi,male,-3446
70-74,5225,Kamonyi,female,3172
70-74,5225,Kamonyi,male,-2053
75-79,2919,Kamonyi,female,1932
75-79,2919,Kamonyi,male,-987
80-84,2320,Kamonyi,female,1582
80-84,2320,Kamonyi,male,-738
85+,2091,Kamonyi,female,1369
85+,2091,Kamonyi,male,-722
0-4,45095,Karongi,female,22472
0-4,45095,Karongi,male,-22623
5-9,49860,Karongi,female,24853
5-9,49860,Karongi,male,-25007
10-14,46967,Karongi,female,23216
10-14,46967,Karongi,male,-23751
15-19,43889,Karongi,female,21494
15-19,43889,Karongi,male,-22395
20-24,29624,Karongi,female,15245
20-24,29624,Karongi,male,-14379
25-29,25352,Karongi,female,13340
25-29,25352,Karongi,male,-12012
30-34,23814,Karongi,female,12651
30-34,23814,Karongi,male,-11163
35-39,24097,Karongi,female,12985
35-39,24097,Karongi,male,-11112
40-44,20535,Karongi,female,11272
40-44,20535,Karongi,male,-9263
45-49,14513,Karongi,female,8409
45-49,14513,Karongi,male,-6104
50-54,11431,Karongi,female,6576
50-54,11431,Karongi,male,-4855
55-59,9031,Karongi,female,5134
55-59,9031,Karongi,male,-3897
60-64,11004,Karongi,female,6444
60-64,11004,Karongi,male,-4560
65-69,7114,Karongi,female,4071
65-69,7114,Karongi,male,-3043
70-74,4783,Karongi,female,2876
70-74,4783,Karongi,male,-1907
75-79,2718,Karongi,female,1756
75-79,2718,Karongi,male,-962
80-84,2017,Karongi,female,1351
80-84,2017,Karongi,male,-666
85+,2025,Karongi,female,1307
85+,2025,Karongi,male,-718
0-4,46602,Rutsiro,female,23412
0-4,46602,Rutsiro,male,-23190
5-9,49376,Rutsiro,female,24679
5-9,49376,Rutsiro,male,-24697
10-14,46117,Rutsiro,female,22910
10-14,46117,Rutsiro,male,-23207
15-19,44806,Rutsiro,female,22412
15-19,44806,Rutsiro,male,-22394
20-24,32546,Rutsiro,female,16647
20-24,32546,Rutsiro,male,-15899
25-29,26016,Rutsiro,female,13267
25-29,26016,Rutsiro,male,-12749
30-34,23461,Rutsiro,female,12321
30-34,23461,Rutsiro,male,-11140
35-39,23198,Rutsiro,female,12690
35-39,23198,Rutsiro,male,-10508
40-44,19662,Rutsiro,female,10806
40-44,19662,Rutsiro,male,-8856
45-49,12921,Rutsiro,female,7575
45-49,12921,Rutsiro,male,-5346
50-54,10520,Rutsiro,female,5991
50-54,10520,Rutsiro,male,-4529
55-59,8472,Rutsiro,female,4825
55-59,8472,Rutsiro,male,-3647
60-64,9277,Rutsiro,female,5324
60-64,9277,Rutsiro,male,-3953
65-69,6519,Rutsiro,female,3777
65-69,6519,Rutsiro,male,-2742
70-74,4320,Rutsiro,female,2557
70-74,4320,Rutsiro,male,-1763
75-79,2248,Rutsiro,female,1425
75-79,2248,Rutsiro,male,-823
80-84,1701,Rutsiro,female,1126
80-84,1701,Rutsiro,male,-575
85+,1418,Rutsiro,female,938
85+,1418,Rutsiro,male,-480
0-4,76507,Rubavu,female,38355
0-4,76507,Rubavu,male,-38152
5-9,76715,Rubavu,female,38479
5-9,76715,Rubavu,male,-38236
10-14,66677,Rubavu,female,33632
10-14,66677,Rubavu,male,-33045
15-19,63879,Rubavu,female,32559
15-19,63879,Rubavu,male,-31320
20-24,49087,Rubavu,female,25161
20-24,49087,Rubavu,male,-23926
25-29,44198,Rubavu,female,22041
25-29,44198,Rubavu,male,-22157
30-34,42542,Rubavu,female,21413
30-34,42542,Rubavu,male,-21129
35-39,35246,Rubavu,female,17528
35-39,35246,Rubavu,male,-17718
40-44,26616,Rubavu,female,14012
40-44,26616,Rubavu,male,-12604
45-49,16192,Rubavu,female,8797
45-49,16192,Rubavu,male,-7395
50-54,12555,Rubavu,female,6642
50-54,12555,Rubavu,male,-5913
55-59,10149,Rubavu,female,5385
55-59,10149,Rubavu,male,-4764
60-64,10094,Rubavu,female,5520
60-64,10094,Rubavu,male,-4574
65-69,6606,Rubavu,female,3724
65-69,6606,Rubavu,male,-2882
70-74,4372,Rubavu,female,2623
70-74,4372,Rubavu,male,-1749
75-79,2242,Rubavu,female,1475
75-79,2242,Rubavu,male,-767
80-84,1591,Rubavu,female,1058
80-84,1591,Rubavu,male,-533
85+,1415,Rubavu,female,980
85+,1415,Rubavu,male,-435
0-4,40811,Nyabihu,female,20342
0-4,40811,Nyabihu,male,-20469
5-9,41682,Nyabihu,female,20885
5-9,41682,Nyabihu,male,-20797
10-14,40146,Nyabihu,female,20181
10-14,40146,Nyabihu,male,-19965
15-19,40811,Nyabihu,female,20604
15-19,40811,Nyabihu,male,-20207
20-24,29200,Nyabihu,female,15287
20-24,29200,Nyabihu,male,-13913
25-29,23054,Nyabihu,female,12231
25-29,23054,Nyabihu,male,-10823
30-34,22216,Nyabihu,female,11929
30-34,22216,Nyabihu,male,-10287
35-39,19915,Nyabihu,female,10643
35-39,19915,Nyabihu,male,-9272
40-44,16471,Nyabihu,female,9470
40-44,16471,Nyabihu,male,-7001
45-49,10048,Nyabihu,female,6101
45-49,10048,Nyabihu,male,-3947
50-54,7921,Nyabihu,female,4642
50-54,7921,Nyabihu,male,-3279
55-59,6803,Nyabihu,female,4057
55-59,6803,Nyabihu,male,-2746
60-64,7000,Nyabihu,female,4311
60-64,7000,Nyabihu,male,-2689
65-69,5080,Nyabihu,female,3162
65-69,5080,Nyabihu,male,-1918
70-74,3372,Nyabihu,female,2107
70-74,3372,Nyabihu,male,-1265
75-79,1838,Nyabihu,female,1217
75-79,1838,Nyabihu,male,-621
80-84,1363,Nyabihu,female,899
80-84,1363,Nyabihu,male,-464
85+,1316,Nyabihu,female,907
85+,1316,Nyabihu,male,-409
0-4,45966,Ngororero,female,23278
0-4,45966,Ngororero,male,-22688
5-9,51005,Ngororero,female,25607
5-9,51005,Ngororero,male,-25398
10-14,47490,Ngororero,female,23842
10-14,47490,Ngororero,male,-23648
15-19,43506,Ngororero,female,22054
15-19,43506,Ngororero,male,-21452
20-24,29384,Ngororero,female,15815
20-24,29384,Ngororero,male,-13569
25-29,24027,Ngororero,female,13017
25-29,24027,Ngororero,male,-11010
30-34,23465,Ngororero,female,12732
30-34,23465,Ngororero,male,-10733
35-39,23896,Ngororero,female,13200
35-39,23896,Ngororero,male,-10696
40-44,20025,Ngororero,female,11639
40-44,20025,Ngororero,male,-8386
45-49,12467,Ngororero,female,7436
45-49,12467,Ngororero,male,-5031
50-54,10678,Ngororero,female,6430
50-54,10678,Ngororero,male,-4248
55-59,9477,Ngororero,female,5554
55-59,9477,Ngororero,male,-3923
60-64,9907,Ngororero,female,5827
60-64,9907,Ngororero,male,-4080
65-69,7026,Ngororero,female,4149
65-69,7026,Ngororero,male,-2877
70-74,4235,Ngororero,female,2613
70-74,4235,Ngororero,male,-1622
75-79,2203,Ngororero,female,1497
75-79,2203,Ngororero,male,-706
80-84,1553,Ngororero,female,1089
80-84,1553,Ngororero,male,-464
85+,1645,Ngororero,female,1111
85+,1645,Ngororero,male,-534
0-4,68504,Rusizi,female,34053
0-4,68504,Rusizi,male,-34451
5-9,68220,Rusizi,female,33848
5-9,68220,Rusizi,male,-34372
10-14,60738,Rusizi,female,30339
10-14,60738,Rusizi,male,-30399
15-19,51589,Rusizi,female,25504
15-19,51589,Rusizi,male,-26085
20-24,42075,Rusizi,female,21233
20-24,42075,Rusizi,male,-20842
25-29,32933,Rusizi,female,16702
25-29,32933,Rusizi,male,-16231
30-34,30238,Rusizi,female,15847
30-34,30238,Rusizi,male,-14391
35-39,27834,Rusizi,female,14790
35-39,27834,Rusizi,male,-13044
40-44,25619,Rusizi,female,13777
40-44,25619,Rusizi,male,-11842
45-49,16332,Rusizi,female,8933
45-49,16332,Rusizi,male,-7399
50-54,13566,Rusizi,female,7377
50-54,13566,Rusizi,male,-6189
55-59,11957,Rusizi,female,6445
55-59,11957,Rusizi,male,-5512
60-64,13170,Rusizi,female,7138
60-64,13170,Rusizi,male,-6032
65-69,9564,Rusizi,female,5193
65-69,9564,Rusizi,male,-4371
70-74,6162,Rusizi,female,3395
70-74,6162,Rusizi,male,-2767
75-79,2915,Rusizi,female,1785
75-79,2915,Rusizi,male,-1130
80-84,2081,Rusizi,female,1340
80-84,2081,Rusizi,male,-741
85+,2032,Rusizi,female,1404
85+,2032,Rusizi,male,-628
0-4,57339,Nyamasheke,female,28650
0-4,57339,Nyamasheke,male,-28689
5-9,61621,Nyamasheke,female,30876
5-9,61621,Nyamasheke,male,-30745
10-14,56191,Nyamasheke,female,28104
10-14,56191,Nyamasheke,male,-28087
15-19,48501,Nyamasheke,female,24322
15-19,48501,Nyamasheke,male,-24179
20-24,34686,Nyamasheke,female,18211
20-24,34686,Nyamasheke,male,-16475
25-29,26435,Nyamasheke,female,14140
25-29,26435,Nyamasheke,male,-12295
30-34,25311,Nyamasheke,female,14075
30-34,25311,Nyamasheke,male,-11236
35-39,25356,Nyamasheke,female,14124
35-39,25356,Nyamasheke,male,-11232
40-44,23144,Nyamasheke,female,13152
40-44,23144,Nyamasheke,male,-9992
45-49,15913,Nyamasheke,female,9217
45-49,15913,Nyamasheke,male,-6696
50-54,13090,Nyamasheke,female,7399
50-54,13090,Nyamasheke,male,-5691
55-59,11354,Nyamasheke,female,6529
55-59,11354,Nyamasheke,male,-4825
60-64,12333,Nyamasheke,female,7070
60-64,12333,Nyamasheke,male,-5263
65-69,9023,Nyamasheke,female,5054
65-69,9023,Nyamasheke,male,-3969
70-74,6060,Nyamasheke,female,3389
70-74,6060,Nyamasheke,male,-2671
75-79,3135,Nyamasheke,female,1912
75-79,3135,Nyamasheke,male,-1223
80-84,2485,Nyamasheke,female,1616
80-84,2485,Nyamasheke,male,-869
85+,2244,Nyamasheke,female,1523
85+,2244,Nyamasheke,male,-721
0-4,44841,Rulindo,female,22334
0-4,44841,Rulindo,male,-22507
5-9,46747,Rulindo,female,23495
5-9,46747,Rulindo,male,-23252
10-14,40029,Rulindo,female,20079
10-14,40029,Rulindo,male,-19950
15-19,39576,Rulindo,female,19760
15-19,39576,Rulindo,male,-19816
20-24,29950,Rulindo,female,15377
20-24,29950,Rulindo,male,-14573
25-29,26072,Rulindo,female,13797
25-29,26072,Rulindo,male,-12275
30-34,24895,Rulindo,female,13252
30-34,24895,Rulindo,male,-11643
35-39,24792,Rulindo,female,12995
35-39,24792,Rulindo,male,-11797
40-44,21010,Rulindo,female,11282
40-44,21010,Rulindo,male,-9728
45-49,14131,Rulindo,female,8141
45-49,14131,Rulindo,male,-5990
50-54,11485,Rulindo,female,6569
50-54,11485,Rulindo,male,-4916
55-59,9406,Rulindo,female,5276
55-59,9406,Rulindo,male,-4130
60-64,9309,Rulindo,female,5206
60-64,9309,Rulindo,male,-4103
65-69,6866,Rulindo,female,3819
65-69,6866,Rulindo,male,-3047
70-74,4722,Rulindo,female,2789
70-74,4722,Rulindo,male,-1933
75-79,2511,Rulindo,female,1579
75-79,2511,Rulindo,male,-932
80-84,1868,Rulindo,female,1199
80-84,1868,Rulindo,male,-669
85+,1934,Rulindo,female,1346
85+,1934,Rulindo,male,-588
0-4,42160,Gakenke,female,21032
0-4,42160,Gakenke,male,-21128
5-9,45012,Gakenke,female,22494
5-9,45012,Gakenke,male,-22518
10-14,41218,Gakenke,female,20610
10-14,41218,Gakenke,male,-20608
15-19,43602,Gakenke,female,22038
15-19,43602,Gakenke,male,-21564
20-24,31508,Gakenke,female,16522
20-24,31508,Gakenke,male,-14986
25-29,24161,Gakenke,female,12710
25-29,24161,Gakenke,male,-11451
30-34,25014,Gakenke,female,13378
30-34,25014,Gakenke,male,-11636
35-39,26026,Gakenke,female,14071
35-39,26026,Gakenke,male,-11955
40-44,20922,Gakenke,female,11954
40-44,20922,Gakenke,male,-8968
45-49,13305,Gakenke,female,7849
45-49,13305,Gakenke,male,-5456
50-54,11451,Gakenke,female,6533
50-54,11451,Gakenke,male,-4918
55-59,9783,Gakenke,female,5478
55-59,9783,Gakenke,male,-4305
60-64,10395,Gakenke,female,5810
60-64,10395,Gakenke,male,-4585
65-69,7635,Gakenke,female,4279
65-69,7635,Gakenke,male,-3356
70-74,5650,Gakenke,female,3281
70-74,5650,Gakenke,male,-2369
75-79,2931,Gakenke,female,1789
75-79,2931,Gakenke,male,-1142
80-84,2249,Gakenke,female,1398
80-84,2249,Gakenke,male,-851
85+,2270,Gakenke,female,1466
85+,2270,Gakenke,male,-804
0-4,59172,Musanze,female,29718
0-4,59172,Musanze,male,-29454
5-9,59846,Musanze,female,30087
5-9,59846,Musanze,male,-29759
10-14,52880,Musanze,female,26619
10-14,52880,Musanze,male,-26261
15-19,55904,Musanze,female,28911
15-19,55904,Musanze,male,-26993
20-24,45153,Musanze,female,23417
20-24,45153,Musanze,male,-21736
25-29,40826,Musanze,female,21110
25-29,40826,Musanze,male,-19716
30-34,38997,Musanze,female,20035
30-34,38997,Musanze,male,-18962
35-39,32415,Musanze,female,16764
35-39,32415,Musanze,male,-15651
40-44,25073,Musanze,female,13448
40-44,25073,Musanze,male,-11625
45-49,15268,Musanze,female,8588
45-49,15268,Musanze,male,-6680
50-54,11945,Musanze,female,6636
50-54,11945,Musanze,male,-5309
55-59,10044,Musanze,female,5737
55-59,10044,Musanze,male,-4307
60-64,9890,Musanze,female,5897
60-64,9890,Musanze,male,-3993
65-69,7047,Musanze,female,4300
65-69,7047,Musanze,male,-2747
70-74,5063,Musanze,female,3191
70-74,5063,Musanze,male,-1872
75-79,2823,Musanze,female,1883
75-79,2823,Musanze,male,-940
80-84,2056,Musanze,female,1378
80-84,2056,Musanze,male,-678
85+,2120,Musanze,female,1463
85+,2120,Musanze,male,-657
0-4,47992,Burera,female,23893
0-4,47992,Burera,male,-24099
5-9,52512,Burera,female,26565
5-9,52512,Burera,male,-25947
10-14,44998,Burera,female,22660
10-14,44998,Burera,male,-22338
15-19,48619,Burera,female,24717
15-19,48619,Burera,male,-23902
20-24,38806,Burera,female,20010
20-24,38806,Burera,male,-18796
25-29,29282,Burera,female,14926
25-29,29282,Burera,male,-14356
30-34,25560,Burera,female,13372
30-34,25560,Burera,male,-12188
35-39,22659,Burera,female,11775
35-39,22659,Burera,male,-10884
40-44,18110,Burera,female,9845
40-44,18110,Burera,male,-8265
45-49,12474,Burera,female,7308
45-49,12474,Burera,male,-5166
50-54,10302,Burera,female,5889
50-54,10302,Burera,male,-4413
55-59,9027,Burera,female,5107
55-59,9027,Burera,male,-3920
60-64,9114,Burera,female,5379
60-64,9114,Burera,male,-3735
65-69,6642,Burera,female,3951
65-69,6642,Burera,male,-2691
70-74,4800,Burera,female,2935
70-74,4800,Burera,male,-1865
75-79,2738,Burera,female,1777
75-79,2738,Burera,male,-961
80-84,2031,Burera,female,1394
80-84,2031,Burera,male,-637
85+,2063,Burera,female,1444
85+,2063,Burera,male,-619
0-4,55663,Gicumbi,female,27814
0-4,55663,Gicumbi,male,-27849
5-9,56394,Gicumbi,female,28237
5-9,56394,Gicumbi,male,-28157
10-14,50284,Gicumbi,female,25272
10-14,50284,Gicumbi,male,-25012
15-19,53191,Gicumbi,female,26805
15-19,53191,Gicumbi,male,-26386
20-24,41977,Gicumbi,female,21623
20-24,41977,Gicumbi,male,-20354
25-29,32982,Gicumbi,female,16681
25-29,32982,Gicumbi,male,-16301
30-34,29271,Gicumbi,female,15107
30-34,29271,Gicumbi,male,-14164
35-39,28335,Gicumbi,female,14638
35-39,28335,Gicumbi,male,-13697
40-44,22758,Gicumbi,female,12084
40-44,22758,Gicumbi,male,-10674
45-49,17341,Gicumbi,female,9879
45-49,17341,Gicumbi,male,-7462
50-54,15061,Gicumbi,female,8300
50-54,15061,Gicumbi,male,-6761
55-59,11440,Gicumbi,female,6262
55-59,11440,Gicumbi,male,-5178
60-64,11445,Gicumbi,female,6315
60-64,11445,Gicumbi,male,-5130
65-69,8441,Gicumbi,female,4592
65-69,8441,Gicumbi,male,-3849
70-74,5754,Gicumbi,female,3372
70-74,5754,Gicumbi,male,-2382
75-79,3234,Gicumbi,female,2034
75-79,3234,Gicumbi,male,-1200
80-84,2669,Gicumbi,female,1672
80-84,2669,Gicumbi,male,-997
85+,2584,Gicumbi,female,1748
85+,2584,Gicumbi,male,-836
0-4,61616,Rwamagana,female,30792
0-4,61616,Rwamagana,male,-30824
5-9,61077,Rwamagana,female,30377
5-9,61077,Rwamagana,male,-30700
10-14,55739,Rwamagana,female,28072
10-14,55739,Rwamagana,male,-27667
15-19,52006,Rwamagana,female,26029
15-19,52006,Rwamagana,male,-25977
20-24,41436,Rwamagana,female,19925
20-24,41436,Rwamagana,male,-21511
25-29,39360,Rwamagana,female,18696
25-29,39360,Rwamagana,male,-20664
30-34,38958,Rwamagana,female,18847
30-34,38958,Rwamagana,male,-20111
35-39,33484,Rwamagana,female,15717
35-39,33484,Rwamagana,male,-17767
40-44,27827,Rwamagana,female,13367
40-44,27827,Rwamagana,male,-14460
45-49,18883,Rwamagana,female,9658
45-49,18883,Rwamagana,male,-9225
50-54,14940,Rwamagana,female,7658
50-54,14940,Rwamagana,male,-7282
55-59,11310,Rwamagana,female,5846
55-59,11310,Rwamagana,male,-5464
60-64,10006,Rwamagana,female,5321
60-64,10006,Rwamagana,male,-4685
65-69,6775,Rwamagana,female,3735
65-69,6775,Rwamagana,male,-3040
70-74,4960,Rwamagana,female,2889
70-74,4960,Rwamagana,male,-2071
75-79,2687,Rwamagana,female,1676
75-79,2687,Rwamagana,male,-1011
80-84,2059,Rwamagana,female,1308
80-84,2059,Rwamagana,male,-751
85+,1830,Rwamagana,female,1246
85+,1830,Rwamagana,male,-584
0-4,93991,Nyagatare,female,46822
0-4,93991,Nyagatare,male,-47169
5-9,89334,Nyagatare,female,44400
5-9,89334,Nyagatare,male,-44934
10-14,79330,Nyagatare,female,39586
10-14,79330,Nyagatare,male,-39744
15-19,78417,Nyagatare,female,38749
15-19,78417,Nyagatare,male,-39668
20-24,59249,Nyagatare,female,30427
20-24,59249,Nyagatare,male,-28822
25-29,47444,Nyagatare,female,24177
25-29,47444,Nyagatare,male,-23267
30-34,42002,Nyagatare,female,21691
30-34,42002,Nyagatare,male,-20311
35-39,38838,Nyagatare,female,20207
35-39,38838,Nyagatare,male,-18631
40-44,31363,Nyagatare,female,16963
40-44,31363,Nyagatare,male,-14400
45-49,23494,Nyagatare,female,13205
45-49,23494,Nyagatare,male,-10289
50-54,19121,Nyagatare,female,10435
50-54,19121,Nyagatare,male,-8686
55-59,14686,Nyagatare,female,7995
55-59,14686,Nyagatare,male,-6691
60-64,13887,Nyagatare,female,7486
60-64,13887,Nyagatare,male,-6401
65-69,8598,Nyagatare,female,4708
65-69,8598,Nyagatare,male,-3890
70-74,5931,Nyagatare,female,3333
70-74,5931,Nyagatare,male,-2598
75-79,3279,Nyagatare,female,1939
75-79,3279,Nyagatare,male,-1340
80-84,2359,Nyagatare,female,1399
80-84,2359,Nyagatare,male,-960
85+,2538,Nyagatare,female,1599
85+,2538,Nyagatare,male,-939
0-4,72855,Gatsibo,female,36373
0-4,72855,Gatsibo,male,-36482
5-9,74630,Gatsibo,female,37557
5-9,74630,Gatsibo,male,-37073
10-14,68623,Gatsibo,female,34547
10-14,68623,Gatsibo,male,-34076
15-19,66476,Gatsibo,female,32886
15-19,66476,Gatsibo,male,-33590
20-24,47374,Gatsibo,female,24566
20-24,47374,Gatsibo,male,-22808
25-29,37806,Gatsibo,female,19654
25-29,37806,Gatsibo,male,-18152
30-34,35693,Gatsibo,female,18754
30-34,35693,Gatsibo,male,-16939
35-39,32867,Gatsibo,female,17268
35-39,32867,Gatsibo,male,-15599
40-44,27496,Gatsibo,female,14848
40-44,27496,Gatsibo,male,-12648
45-49,20682,Gatsibo,female,11798
45-49,20682,Gatsibo,male,-8884
50-54,17704,Gatsibo,female,9857
50-54,17704,Gatsibo,male,-7847
55-59,13404,Gatsibo,female,7567
55-59,13404,Gatsibo,male,-5837
60-64,12755,Gatsibo,female,7212
60-64,12755,Gatsibo,male,-5543
65-69,8646,Gatsibo,female,4970
65-69,8646,Gatsibo,male,-3676
70-74,5950,Gatsibo,female,3498
70-74,5950,Gatsibo,male,-2452
75-79,3353,Gatsibo,female,2164
75-79,3353,Gatsibo,male,-1189
80-84,2469,Gatsibo,female,1593
80-84,2469,Gatsibo,male,-876
85+,2381,Gatsibo,female,1591
85+,2381,Gatsibo,male,-790
0-4,61476,Kayonza,female,30456
0-4,61476,Kayonza,male,-31020
5-9,61167,Kayonza,female,30367
5-9,61167,Kayonza,male,-30800
10-14,58006,Kayonza,female,28828
10-14,58006,Kayonza,male,-29178
15-19,54415,Kayonza,female,26947
15-19,54415,Kayonza,male,-27468
20-24,39008,Kayonza,female,20136
20-24,39008,Kayonza,male,-18872
25-29,31364,Kayonza,female,16388
25-29,31364,Kayonza,male,-14976
30-34,30846,Kayonza,female,16015
30-34,30846,Kayonza,male,-14831
35-39,26857,Kayonza,female,14018
35-39,26857,Kayonza,male,-12839
40-44,24158,Kayonza,female,13109
40-44,24158,Kayonza,male,-11049
45-49,17097,Kayonza,female,9576
45-49,17097,Kayonza,male,-7521
50-54,14159,Kayonza,female,7863
50-54,14159,Kayonza,male,-6296
55-59,10824,Kayonza,female,5969
55-59,10824,Kayonza,male,-4855
60-64,10021,Kayonza,female,5643
60-64,10021,Kayonza,male,-4378
65-69,6578,Kayonza,female,3741
65-69,6578,Kayonza,male,-2837
70-74,4703,Kayonza,female,2716
70-74,4703,Kayonza,male,-1987
75-79,2769,Kayonza,female,1622
75-79,2769,Kayonza,male,-1147
80-84,1923,Kayonza,female,1169
80-84,1923,Kayonza,male,-754
85+,1785,Kayonza,female,1145
85+,1785,Kayonza,male,-640
0-4,61999,Kirehe,female,30856
0-4,61999,Kirehe,male,-31143
5-9,61016,Kirehe,female,30513
5-9,61016,Kirehe,male,-30503
10-14,58034,Kirehe,female,28757
10-14,58034,Kirehe,male,-29277
15-19,55443,Kirehe,female,27852
15-19,55443,Kirehe,male,-27591
20-24,40142,Kirehe,female,20817
20-24,40142,Kirehe,male,-19325
25-29,31451,Kirehe,female,16364
25-29,31451,Kirehe,male,-15087
30-34,31145,Kirehe,female,16309
30-34,31145,Kirehe,male,-14836
35-39,28129,Kirehe,female,15092
35-39,28129,Kirehe,male,-13037
40-44,22782,Kirehe,female,12570
40-44,22782,Kirehe,male,-10212
45-49,16787,Kirehe,female,9331
45-49,16787,Kirehe,male,-7456
50-54,13701,Kirehe,female,7611
50-54,13701,Kirehe,male,-6090
55-59,10874,Kirehe,female,6139
55-59,10874,Kirehe,male,-4735
60-64,10612,Kirehe,female,5947
60-64,10612,Kirehe,male,-4665
65-69,7198,Kirehe,female,4084
65-69,7198,Kirehe,male,-3114
70-74,4962,Kirehe,female,2863
70-74,4962,Kirehe,male,-2099
75-79,2889,Kirehe,female,1765
75-79,2889,Kirehe,male,-1124
80-84,1823,Kirehe,female,1062
80-84,1823,Kirehe,male,-761
85+,1873,Kirehe,female,1165
85+,1873,Kirehe,male,-708
0-4,52523,Ngoma,female,26009
0-4,52523,Ngoma,male,-26514
5-9,52538,Ngoma,female,26299
5-9,52538,Ngoma,male,-26239
10-14,52794,Ngoma,female,26174
10-14,52794,Ngoma,male,-26620
15-19,47120,Ngoma,female,23199
15-19,47120,Ngoma,male,-23921
20-24,30574,Ngoma,female,16034
20-24,30574,Ngoma,male,-14540
25-29,25695,Ngoma,female,13953
25-29,25695,Ngoma,male,-11742
30-34,27165,Ngoma,female,14571
30-34,27165,Ngoma,male,-12594
35-39,25517,Ngoma,female,14095
35-39,25517,Ngoma,male,-11422
40-44,22557,Ngoma,female,12240
40-44,22557,Ngoma,male,-10317
45-49,15692,Ngoma,female,8849
45-49,15692,Ngoma,male,-6843
50-54,13226,Ngoma,female,7400
50-54,13226,Ngoma,male,-5826
55-59,10440,Ngoma,female,5899
55-59,10440,Ngoma,male,-4541
60-64,10039,Ngoma,female,5736
60-64,10039,Ngoma,male,-4303
65-69,6756,Ngoma,female,3909
65-69,6756,Ngoma,male,-2847
70-74,4754,Ngoma,female,2768
70-74,4754,Ngoma,male,-1986
75-79,2759,Ngoma,female,1695
75-79,2759,Ngoma,male,-1064
80-84,2068,Ngoma,female,1303
80-84,2068,Ngoma,male,-765
85+,1831,Ngoma,female,1195
85+,1831,Ngoma,male,-636
0-4,80033,Bugesera,female,39964
0-4,80033,Bugesera,male,-40069
5-9,74730,Bugesera,female,37174
5-9,74730,Bugesera,male,-37556
10-14,65034,Bugesera,female,32267
10-14,65034,Bugesera,male,-32767
15-19,60886,Bugesera,female,30860
15-19,60886,Bugesera,male,-30026
20-24,46017,Bugesera,female,23077
20-24,46017,Bugesera,male,-22940
25-29,41051,Bugesera,female,20812
25-29,41051,Bugesera,male,-20239
30-34,41151,Bugesera,female,20814
30-34,41151,Bugesera,male,-20337
35-39,37304,Bugesera,female,18621
35-39,37304,Bugesera,male,-18683
40-44,31442,Bugesera,female,15929
40-44,31442,Bugesera,male,-15513
45-49,18229,Bugesera,female,9524
45-49,18229,Bugesera,male,-8705
50-54,13899,Bugesera,female,7151
50-54,13899,Bugesera,male,-6748
55-59,10686,Bugesera,female,5705
55-59,10686,Bugesera,male,-4981
60-64,10676,Bugesera,female,6023
60-64,10676,Bugesera,male,-4653
65-69,7616,Bugesera,female,4411
65-69,7616,Bugesera,male,-3205
70-74,5559,Bugesera,female,3179
70-74,5559,Bugesera,male,-2380
75-79,2960,Bugesera,female,1813
75-79,2960,Bugesera,male,-1147
80-84,2024,Bugesera,female,1220
80-84,2024,Bugesera,male,-804
85+,1806,Bugesera,female,1091
85+,1806,Bugesera,male,-715
